poste_ag;mnt_tot_rem;dep_tot;tot_rem_bse;remb_am
dentaire;-420619180874.6206;-66048736724.09435;-459773332909.76904;-341953632142.1054
audio;-194381689258.765;201783746567.62875;214625689836.24652;-173177886705.09686
